{
  "0": 3.262857142857143,
  "1": 0.5904860392967942
}